file	percent	reads	taxon_id	taxon_name
kaiju_out/Kastovskya_atacamensis_ATA6-11-RM4.contig.out	11.444614	5483	38501	Blastococcus
kaiju_out/Kastovskya_atacamensis_ATA6-11-RM4.contig.out	6.558267	3142	46913	Devosia
kaiju_out/Kastovskya_atacamensis_ATA6-11-RM4.contig.out	5.562629	2665	379	Rhizobium
kaiju_out/Kastovskya_atacamensis_ATA6-11-RM4.contig.out	4.057693	1944	182269	Aurantimonas
kaiju_out/Kastovskya_atacamensis_ATA6-11-RM4.contig.out	3.176856	1522	1082930	Pelagibacterium
kaiju_out/Kastovskya_atacamensis_ATA6-11-RM4.contig.out	2.640422	1265	13687	Sphingomonas
kaiju_out/Kastovskya_atacamensis_ATA6-11-RM4.contig.out	2.423344	1161	44249	Paenibacillus
kaiju_out/Kastovskya_atacamensis_ATA6-11-RM4.contig.out	1.525809	731	68287	Mesorhizobium
kaiju_out/Kastovskya_atacamensis_ATA6-11-RM4.contig.out	1.484064	711	265	Paracoccus
kaiju_out/Kastovskya_atacamensis_ATA6-11-RM4.contig.out	1.350477	647	1860	Geodermatophilus
kaiju_out/Kastovskya_atacamensis_ATA6-11-RM4.contig.out	0.941368	451	414371	Aureimonas
kaiju_out/Kastovskya_atacamensis_ATA6-11-RM4.contig.out	0.736814	353	217510	Fulvimarina
kaiju_out/Kastovskya_atacamensis_ATA6-11-RM4.contig.out	0.498862	239	1775688	Jiella
kaiju_out/Kastovskya_atacamensis_ATA6-11-RM4.contig.out	0.467553	224	165695	Sphingobium
kaiju_out/Kastovskya_atacamensis_ATA6-11-RM4.contig.out	0.419545	201	1903858	Pseudorhizobium
kaiju_out/Kastovskya_atacamensis_ATA6-11-RM4.contig.out	0.409109	196	2269381	Mangrovicella
kaiju_out/Kastovskya_atacamensis_ATA6-11-RM4.contig.out	0.365276	175	1707	Cellulomonas
kaiju_out/Kastovskya_atacamensis_ATA6-11-RM4.contig.out	0.359014	172	1525371	Neorhizobium
kaiju_out/Kastovskya_atacamensis_ATA6-11-RM4.contig.out	0.296395	142	88138	Modestobacter
kaiju_out/Kastovskya_atacamensis_ATA6-11-RM4.contig.out	0.254649	122	1386	Bacillus
kaiju_out/Kastovskya_atacamensis_ATA6-11-RM4.contig.out	0.235864	113	125216	Roseomonas
kaiju_out/Kastovskya_atacamensis_ATA6-11-RM4.contig.out	0.235864	113	329857	Cohnella
kaiju_out/Kastovskya_atacamensis_ATA6-11-RM4.contig.out	0.192031	92	69278	Aquamicrobium
kaiju_out/Kastovskya_atacamensis_ATA6-11-RM4.contig.out	0.185769	89	245876	Nitratireductor
kaiju_out/Kastovskya_atacamensis_ATA6-11-RM4.contig.out	0.175332	84	31988	Aminobacter
kaiju_out/Kastovskya_atacamensis_ATA6-11-RM4.contig.out	0.166983	80	1839	Nocardioides
kaiju_out/Kastovskya_atacamensis_ATA6-11-RM4.contig.out	0.158634	76	2036017	Consotaella
kaiju_out/Kastovskya_atacamensis_ATA6-11-RM4.contig.out	0.146110	70	357	Agrobacterium
kaiju_out/Kastovskya_atacamensis_ATA6-11-RM4.contig.out	0.139848	67	28105	Sinorhizobium
kaiju_out/Kastovskya_atacamensis_ATA6-11-RM4.contig.out	0.129412	62	106591	Ensifer
kaiju_out/Kastovskya_atacamensis_ATA6-11-RM4.contig.out	0.114801	55	323620	Shinella
kaiju_out/Kastovskya_atacamensis_ATA6-11-RM4.contig.out	0.112714	54	93368	Pseudaminobacter
kaiju_out/Kastovskya_atacamensis_ATA6-11-RM4.contig.out	0.104365	50	28100	Phyllobacterium
kaiju_out/Kastovskya_atacamensis_ATA6-11-RM4.contig.out	0.102277	49	1883	Streptomyces
kaiju_out/Kastovskya_atacamensis_ATA6-11-RM4.contig.out	0.100190	48	1911566	Arsenicitalea
kaiju_out/Kastovskya_atacamensis_ATA6-11-RM4.contig.out	0.096015	46	610116	Aliihoeflea
kaiju_out/Kastovskya_atacamensis_ATA6-11-RM4.contig.out	0.091841	44	274591	Hoeflea
kaiju_out/Kastovskya_atacamensis_ATA6-11-RM4.contig.out	0.083492	40	449972	Chelativorans
kaiju_out/Kastovskya_atacamensis_ATA6-11-RM4.contig.out	0.081404	39	407	Methylobacterium
kaiju_out/Kastovskya_atacamensis_ATA6-11-RM4.contig.out	0.079317	38	186650	Microvirga
kaiju_out/Kastovskya_atacamensis_ATA6-11-RM4.contig.out	0.073055	35	1041	Erythrobacter
kaiju_out/Kastovskya_atacamensis_ATA6-11-RM4.contig.out	0.073055	35	41275	Brevundimonas
kaiju_out/Kastovskya_atacamensis_ATA6-11-RM4.contig.out	0.068881	33	165696	Novosphingobium
kaiju_out/Kastovskya_atacamensis_ATA6-11-RM4.contig.out	0.066793	32	374	Bradyrhizobium
kaiju_out/Kastovskya_atacamensis_ATA6-11-RM4.contig.out	0.066793	32	528	Ochrobactrum
kaiju_out/Kastovskya_atacamensis_ATA6-11-RM4.contig.out	0.066793	32	1612611	Pararhizobium
kaiju_out/Kastovskya_atacamensis_ATA6-11-RM4.contig.out	0.064706	31	85413	Bosea
kaiju_out/Kastovskya_atacamensis_ATA6-11-RM4.contig.out	0.064706	31	458839	Actinotalea
kaiju_out/Kastovskya_atacamensis_ATA6-11-RM4.contig.out	0.062619	30	12916	Acidovorax
kaiju_out/Kastovskya_atacamensis_ATA6-11-RM4.contig.out	0.052182	25	286	Pseudomonas
kaiju_out/Kastovskya_atacamensis_ATA6-11-RM4.contig.out	0.050095	24	293088	Martelella
kaiju_out/Kastovskya_atacamensis_ATA6-11-RM4.contig.out	0.048008	23	1358438	Lutibaculum
kaiju_out/Kastovskya_atacamensis_ATA6-11-RM4.contig.out	0.045920	22	1873	Micromonospora
kaiju_out/Kastovskya_atacamensis_ATA6-11-RM4.contig.out	0.043833	21	1847	Pseudonocardia
kaiju_out/Kastovskya_atacamensis_ATA6-11-RM4.contig.out	0.041746	20	810	Chlamydia
kaiju_out/Kastovskya_atacamensis_ATA6-11-RM4.contig.out	0.041746	20	1060	Rhodobacter
kaiju_out/Kastovskya_atacamensis_ATA6-11-RM4.contig.out	0.041746	20	55080	Brevibacillus
kaiju_out/Kastovskya_atacamensis_ATA6-11-RM4.contig.out	0.037571	18	1177	Nostoc
kaiju_out/Kastovskya_atacamensis_ATA6-11-RM4.contig.out	0.037571	18	166953	Kaistia
kaiju_out/Kastovskya_atacamensis_ATA6-11-RM4.contig.out	0.035484	17	1689250	Gorillibacterium
kaiju_out/Kastovskya_atacamensis_ATA6-11-RM4.contig.out	0.033397	16	152161	Stappia
kaiju_out/Kastovskya_atacamensis_ATA6-11-RM4.contig.out	0.033397	16	1265689	Nafulsella
kaiju_out/Kastovskya_atacamensis_ATA6-11-RM4.contig.out	0.031309	15	1827	Rhodococcus
kaiju_out/Kastovskya_atacamensis_ATA6-11-RM4.contig.out	0.031309	15	478070	Labrenzia
kaiju_out/Kastovskya_atacamensis_ATA6-11-RM4.contig.out	0.029222	14	234	Brucella
kaiju_out/Kastovskya_atacamensis_ATA6-11-RM4.contig.out	0.029222	14	28209	Chelatococcus
kaiju_out/Kastovskya_atacamensis_ATA6-11-RM4.contig.out	0.029222	14	74030	Roseovarius
kaiju_out/Kastovskya_atacamensis_ATA6-11-RM4.contig.out	0.029222	14	2183612	Klenkia
kaiju_out/Kastovskya_atacamensis_ATA6-11-RM4.contig.out	0.029222	14	2211638	Limimaricola
kaiju_out/Kastovskya_atacamensis_ATA6-11-RM4.contig.out	0.027135	13	99	Ancylobacter
kaiju_out/Kastovskya_atacamensis_ATA6-11-RM4.contig.out	0.027135	13	191	Azospirillum
kaiju_out/Kastovskya_atacamensis_ATA6-11-RM4.contig.out	0.027135	13	682522	Ilumatobacter
kaiju_out/Kastovskya_atacamensis_ATA6-11-RM4.contig.out	0.025047	12	1663	Arthrobacter
kaiju_out/Kastovskya_atacamensis_ATA6-11-RM4.contig.out	0.025047	12	263377	Salipiger
kaiju_out/Kastovskya_atacamensis_ATA6-11-RM4.contig.out	0.025047	12	295418	Rubellimicrobium
kaiju_out/Kastovskya_atacamensis_ATA6-11-RM4.contig.out	0.025047	12	1679449	Pseudooceanicola
kaiju_out/Kastovskya_atacamensis_ATA6-11-RM4.contig.out	0.022960	11	13159	Mycoplana
kaiju_out/Kastovskya_atacamensis_ATA6-11-RM4.contig.out	0.022960	11	44471	Microcoleus
kaiju_out/Kastovskya_atacamensis_ATA6-11-RM4.contig.out	0.022960	11	60136	Sulfitobacter
kaiju_out/Kastovskya_atacamensis_ATA6-11-RM4.contig.out	0.022960	11	66862	Ammoniphilus
kaiju_out/Kastovskya_atacamensis_ATA6-11-RM4.contig.out	0.022960	11	165697	Sphingopyxis
kaiju_out/Kastovskya_atacamensis_ATA6-11-RM4.contig.out	0.022960	11	204456	Gemmobacter
kaiju_out/Kastovskya_atacamensis_ATA6-11-RM4.contig.out	0.022960	11	315422	Palleronia
kaiju_out/Kastovskya_atacamensis_ATA6-11-RM4.contig.out	0.022960	11	643217	Afifella
kaiju_out/Kastovskya_atacamensis_ATA6-11-RM4.contig.out	0.022960	11	1653176	Cereibacter
kaiju_out/Kastovskya_atacamensis_ATA6-11-RM4.contig.out	0.020873	10	1654	Actinomyces
kaiju_out/Kastovskya_atacamensis_ATA6-11-RM4.contig.out	0.020873	10	60919	Sanguibacter
kaiju_out/Kastovskya_atacamensis_ATA6-11-RM4.contig.out	0.020873	10	171436	Tistrella
kaiju_out/Kastovskya_atacamensis_ATA6-11-RM4.contig.out	0.020873	10	987053	Rhodoligotrophos
kaiju_out/Kastovskya_atacamensis_ATA6-11-RM4.contig.out	0.020873	10	1904377	Acuticoccus
kaiju_out/Kastovskya_atacamensis_ATA6-11-RM4.contig.out	0.018786	9	1865	Actinoplanes
kaiju_out/Kastovskya_atacamensis_ATA6-11-RM4.contig.out	0.018786	9	61653	Methylopila
kaiju_out/Kastovskya_atacamensis_ATA6-11-RM4.contig.out	0.018786	9	456492	Saccharibacillus
kaiju_out/Kastovskya_atacamensis_ATA6-11-RM4.contig.out	0.018786	9	1133570	Cesiribacter
kaiju_out/Kastovskya_atacamensis_ATA6-11-RM4.contig.out	0.018786	9	1866885	Mycolicibacterium
kaiju_out/Kastovskya_atacamensis_ATA6-11-RM4.contig.out	0.018786	9	2282761	Zhengella
kaiju_out/Kastovskya_atacamensis_ATA6-11-RM4.contig.out	0.016698	8	911	Nitrobacter
kaiju_out/Kastovskya_atacamensis_ATA6-11-RM4.contig.out	0.016698	8	1763	Mycobacterium
kaiju_out/Kastovskya_atacamensis_ATA6-11-RM4.contig.out	0.016698	8	2745	Halomonas
kaiju_out/Kastovskya_atacamensis_ATA6-11-RM4.contig.out	0.016698	8	33882	Microbacterium
kaiju_out/Kastovskya_atacamensis_ATA6-11-RM4.contig.out	0.016698	8	252301	Oceanicola
kaiju_out/Kastovskya_atacamensis_ATA6-11-RM4.contig.out	0.016698	8	285107	Thioclava
kaiju_out/Kastovskya_atacamensis_ATA6-11-RM4.contig.out	0.016698	8	361177	Altererythrobacter
kaiju_out/Kastovskya_atacamensis_ATA6-11-RM4.contig.out	0.016698	8	1097466	Defluviimonas
kaiju_out/Kastovskya_atacamensis_ATA6-11-RM4.contig.out	0.016698	8	1594166	Oricola
kaiju_out/Kastovskya_atacamensis_ATA6-11-RM4.contig.out	0.016698	8	1649292	Falsochrobactrum
kaiju_out/Kastovskya_atacamensis_ATA6-11-RM4.contig.out	0.016698	8	1742993	Pseudarthrobacter
kaiju_out/Kastovskya_atacamensis_ATA6-11-RM4.contig.out	0.014611	7	75	Caulobacter
kaiju_out/Kastovskya_atacamensis_ATA6-11-RM4.contig.out	0.014611	7	279	Xanthobacter
kaiju_out/Kastovskya_atacamensis_ATA6-11-RM4.contig.out	0.014611	7	1073	Rhodopseudomonas
kaiju_out/Kastovskya_atacamensis_ATA6-11-RM4.contig.out	0.014611	7	29407	Rhodoplanes
kaiju_out/Kastovskya_atacamensis_ATA6-11-RM4.contig.out	0.014611	7	32008	Burkholderia
kaiju_out/Kastovskya_atacamensis_ATA6-11-RM4.contig.out	0.014611	7	46352	Agrococcus
kaiju_out/Kastovskya_atacamensis_ATA6-11-RM4.contig.out	0.014611	7	55079	Aneurinibacillus
kaiju_out/Kastovskya_atacamensis_ATA6-11-RM4.contig.out	0.014611	7	83681	Nonomuraea
kaiju_out/Kastovskya_atacamensis_ATA6-11-RM4.contig.out	0.014611	7	92944	Ketogulonicigenium
kaiju_out/Kastovskya_atacamensis_ATA6-11-RM4.contig.out	0.014611	7	93682	Roseivivax
kaiju_out/Kastovskya_atacamensis_ATA6-11-RM4.contig.out	0.014611	7	149698	Massilia
kaiju_out/Kastovskya_atacamensis_ATA6-11-RM4.contig.out	0.014611	7	168934	Thalassospira
kaiju_out/Kastovskya_atacamensis_ATA6-11-RM4.contig.out	0.014611	7	182639	Kribbella
kaiju_out/Kastovskya_atacamensis_ATA6-11-RM4.contig.out	0.014611	7	227873	Pannonibacter
kaiju_out/Kastovskya_atacamensis_ATA6-11-RM4.contig.out	0.014611	7	261933	Pleomorphomonas
kaiju_out/Kastovskya_atacamensis_ATA6-11-RM4.contig.out	0.014611	7	580880	Amorphus
kaiju_out/Kastovskya_atacamensis_ATA6-11-RM4.contig.out	0.014611	7	655352	Cohaesibacter
kaiju_out/Kastovskya_atacamensis_ATA6-11-RM4.contig.out	0.014611	7	747074	Tepidamorphus
kaiju_out/Kastovskya_atacamensis_ATA6-11-RM4.contig.out	0.014611	7	1121251	Cucumibacter
kaiju_out/Kastovskya_atacamensis_ATA6-11-RM4.contig.out	0.014611	7	1434002	Falsirhodobacter
kaiju_out/Kastovskya_atacamensis_ATA6-11-RM4.contig.out	0.014611	7	1751296	Sinirhodobacter
kaiju_out/Kastovskya_atacamensis_ATA6-11-RM4.contig.out	0.012524	6	81	Hyphomicrobium
kaiju_out/Kastovskya_atacamensis_ATA6-11-RM4.contig.out	0.012524	6	1817	Nocardia
kaiju_out/Kastovskya_atacamensis_ATA6-11-RM4.contig.out	0.012524	6	1988	Actinomadura
kaiju_out/Kastovskya_atacamensis_ATA6-11-RM4.contig.out	0.012524	6	2013	Nocardiopsis
kaiju_out/Kastovskya_atacamensis_ATA6-11-RM4.contig.out	0.012524	6	34008	Rhodovulum
kaiju_out/Kastovskya_atacamensis_ATA6-11-RM4.contig.out	0.012524	6	154116	Georgenia
kaiju_out/Kastovskya_atacamensis_ATA6-11-RM4.contig.out	0.012524	6	157920	Cellulosimicrobium
kaiju_out/Kastovskya_atacamensis_ATA6-11-RM4.contig.out	0.012524	6	188905	Jannaschia
kaiju_out/Kastovskya_atacamensis_ATA6-11-RM4.contig.out	0.012524	6	204447	Skermanella
kaiju_out/Kastovskya_atacamensis_ATA6-11-RM4.contig.out	0.012524	6	245186	Loktanella
kaiju_out/Kastovskya_atacamensis_ATA6-11-RM4.contig.out	0.012524	6	258255	Pseudovibrio
kaiju_out/Kastovskya_atacamensis_ATA6-11-RM4.contig.out	0.012524	6	599652	Tropicimonas
kaiju_out/Kastovskya_atacamensis_ATA6-11-RM4.contig.out	0.012524	6	1097465	Pararhodobacter
kaiju_out/Kastovskya_atacamensis_ATA6-11-RM4.contig.out	0.012524	6	1400062	Tranquillimonas
kaiju_out/Kastovskya_atacamensis_ATA6-11-RM4.contig.out	0.012524	6	1406135	Breoghania
kaiju_out/Kastovskya_atacamensis_ATA6-11-RM4.contig.out	0.012524	6	1443919	Tabrizicola
kaiju_out/Kastovskya_atacamensis_ATA6-11-RM4.contig.out	0.012524	6	1775716	Methylobrevis
kaiju_out/Kastovskya_atacamensis_ATA6-11-RM4.contig.out	0.012524	6	1915405	Pseudohoeflea
kaiju_out/Kastovskya_atacamensis_ATA6-11-RM4.contig.out	0.010436	5	1033	Afipia
kaiju_out/Kastovskya_atacamensis_ATA6-11-RM4.contig.out	0.010436	5	2040	Aeromicrobium
kaiju_out/Kastovskya_atacamensis_ATA6-11-RM4.contig.out	0.010436	5	2433	Roseobacter
kaiju_out/Kastovskya_atacamensis_ATA6-11-RM4.contig.out	0.010436	5	34072	Variovorax
kaiju_out/Kastovskya_atacamensis_ATA6-11-RM4.contig.out	0.010436	5	41949	Candidatus Microthrix
kaiju_out/Kastovskya_atacamensis_ATA6-11-RM4.contig.out	0.010436	5	47251	Leptolyngbya
kaiju_out/Kastovskya_atacamensis_ATA6-11-RM4.contig.out	0.010436	5	81894	Prosthecomicrobium
kaiju_out/Kastovskya_atacamensis_ATA6-11-RM4.contig.out	0.010436	5	83618	Pseudoxanthomonas
kaiju_out/Kastovskya_atacamensis_ATA6-11-RM4.contig.out	0.010436	5	254250	Isoptericola
kaiju_out/Kastovskya_atacamensis_ATA6-11-RM4.contig.out	0.010436	5	444599	Hansschlegelia
kaiju_out/Kastovskya_atacamensis_ATA6-11-RM4.contig.out	0.010436	5	556257	Pseudolabrys
kaiju_out/Kastovskya_atacamensis_ATA6-11-RM4.contig.out	0.010436	5	2055850	Aquicoccus
kaiju_out/Kastovskya_atacamensis_ATA6-11-RM4.contig.out	0.008349	4	20	Phenylobacterium
kaiju_out/Kastovskya_atacamensis_ATA6-11-RM4.contig.out	0.008349	4	237	Flavobacterium
kaiju_out/Kastovskya_atacamensis_ATA6-11-RM4.contig.out	0.008349	4	662	Vibrio
kaiju_out/Kastovskya_atacamensis_ATA6-11-RM4.contig.out	0.008349	4	1813	Amycolatopsis
kaiju_out/Kastovskya_atacamensis_ATA6-11-RM4.contig.out	0.008349	4	1854	Frankia
kaiju_out/Kastovskya_atacamensis_ATA6-11-RM4.contig.out	0.008349	4	2053	Gordonia
kaiju_out/Kastovskya_atacamensis_ATA6-11-RM4.contig.out	0.008349	4	29330	Alicyclobacillus
kaiju_out/Kastovskya_atacamensis_ATA6-11-RM4.contig.out	0.008349	4	34016	Rhodobium
kaiju_out/Kastovskya_atacamensis_ATA6-11-RM4.contig.out	0.008349	4	53460	Nakamurella
kaiju_out/Kastovskya_atacamensis_ATA6-11-RM4.contig.out	0.008349	4	59282	Blastochloris
kaiju_out/Kastovskya_atacamensis_ATA6-11-RM4.contig.out	0.008349	4	69578	Cryobacterium
kaiju_out/Kastovskya_atacamensis_ATA6-11-RM4.contig.out	0.008349	4	74385	Gracilibacillus
kaiju_out/Kastovskya_atacamensis_ATA6-11-RM4.contig.out	0.008349	4	76632	Thermobacillus
kaiju_out/Kastovskya_atacamensis_ATA6-11-RM4.contig.out	0.008349	4	86795	Marmoricola
kaiju_out/Kastovskya_atacamensis_ATA6-11-RM4.contig.out	0.008349	4	99479	Tetrasphaera
kaiju_out/Kastovskya_atacamensis_ATA6-11-RM4.contig.out	0.008349	4	119541	Rhodobaca
kaiju_out/Kastovskya_atacamensis_ATA6-11-RM4.contig.out	0.008349	4	120652	Methylocella
kaiju_out/Kastovskya_atacamensis_ATA6-11-RM4.contig.out	0.008349	4	152180	Ahrensia
kaiju_out/Kastovskya_atacamensis_ATA6-11-RM4.contig.out	0.008349	4	182709	Oceanobacillus
kaiju_out/Kastovskya_atacamensis_ATA6-11-RM4.contig.out	0.008349	4	238783	Pseudorhodobacter
kaiju_out/Kastovskya_atacamensis_ATA6-11-RM4.contig.out	0.008349	4	364409	Granulibacter
kaiju_out/Kastovskya_atacamensis_ATA6-11-RM4.contig.out	0.008349	4	489140	Geminicoccus
kaiju_out/Kastovskya_atacamensis_ATA6-11-RM4.contig.out	0.008349	4	669368	Coleofasciculus
kaiju_out/Kastovskya_atacamensis_ATA6-11-RM4.contig.out	0.008349	4	670516	Mycobacteroides
kaiju_out/Kastovskya_atacamensis_ATA6-11-RM4.contig.out	0.008349	4	875170	Celeribacter
kaiju_out/Kastovskya_atacamensis_ATA6-11-RM4.contig.out	0.008349	4	983507	Ponticoccus
kaiju_out/Kastovskya_atacamensis_ATA6-11-RM4.contig.out	0.008349	4	991903	Polymorphum
kaiju_out/Kastovskya_atacamensis_ATA6-11-RM4.contig.out	0.008349	4	1502725	Effusibacillus
kaiju_out/Kastovskya_atacamensis_ATA6-11-RM4.contig.out	0.008349	4	1543703	Desulfuribacillus
kaiju_out/Kastovskya_atacamensis_ATA6-11-RM4.contig.out	0.008349	4	1632780	Phreatobacter
kaiju_out/Kastovskya_atacamensis_ATA6-11-RM4.contig.out	0.008349	4	1759400	Paramesorhizobium
kaiju_out/Kastovskya_atacamensis_ATA6-11-RM4.contig.out	0.008349	4	1884449	Salipaludibacillus
kaiju_out/Kastovskya_atacamensis_ATA6-11-RM4.contig.out	0.008349	4	2027874	Mongoliimonas
kaiju_out/Kastovskya_atacamensis_ATA6-11-RM4.contig.out	0.008349	4	2211641	Yoonia
kaiju_out/Kastovskya_atacamensis_ATA6-11-RM4.contig.out	0.006262	3	133	Methylocystis
kaiju_out/Kastovskya_atacamensis_ATA6-11-RM4.contig.out	0.006262	3	773	Bartonella
kaiju_out/Kastovskya_atacamensis_ATA6-11-RM4.contig.out	0.006262	3	1111	Porphyrobacter
kaiju_out/Kastovskya_atacamensis_ATA6-11-RM4.contig.out	0.006262	3	1129	Synechococcus
kaiju_out/Kastovskya_atacamensis_ATA6-11-RM4.contig.out	0.006262	3	1298	Deinococcus
kaiju_out/Kastovskya_atacamensis_ATA6-11-RM4.contig.out	0.006262	3	28453	Sphingobacterium
kaiju_out/Kastovskya_atacamensis_ATA6-11-RM4.contig.out	0.006262	3	33986	Exiguobacterium
kaiju_out/Kastovskya_atacamensis_ATA6-11-RM4.contig.out	0.006262	3	40136	Oligotropha
kaiju_out/Kastovskya_atacamensis_ATA6-11-RM4.contig.out	0.006262	3	50709	Acidocella
kaiju_out/Kastovskya_atacamensis_ATA6-11-RM4.contig.out	0.006262	3	72021	Methylarcula
kaiju_out/Kastovskya_atacamensis_ATA6-11-RM4.contig.out	0.006262	3	74032	Antarctobacter
kaiju_out/Kastovskya_atacamensis_ATA6-11-RM4.contig.out	0.006262	3	79206	Desulfosporosinus
kaiju_out/Kastovskya_atacamensis_ATA6-11-RM4.contig.out	0.006262	3	171673	Inquilinus
kaiju_out/Kastovskya_atacamensis_ATA6-11-RM4.contig.out	0.006262	3	174951	Ramlibacter
kaiju_out/Kastovskya_atacamensis_ATA6-11-RM4.contig.out	0.006262	3	204476	Labrys
kaiju_out/Kastovskya_atacamensis_ATA6-11-RM4.contig.out	0.006262	3	281472	Jiangella
kaiju_out/Kastovskya_atacamensis_ATA6-11-RM4.contig.out	0.006262	3	309512	Dinoroseobacter
kaiju_out/Kastovskya_atacamensis_ATA6-11-RM4.contig.out	0.006262	3	316612	Methylibium
kaiju_out/Kastovskya_atacamensis_ATA6-11-RM4.contig.out	0.006262	3	323449	Pontibacter
kaiju_out/Kastovskya_atacamensis_ATA6-11-RM4.contig.out	0.006262	3	366614	Haematobacter
kaiju_out/Kastovskya_atacamensis_ATA6-11-RM4.contig.out	0.006262	3	404432	Salinicola
kaiju_out/Kastovskya_atacamensis_ATA6-11-RM4.contig.out	0.006262	3	432330	Tumebacillus
kaiju_out/Kastovskya_atacamensis_ATA6-11-RM4.contig.out	0.006262	3	433838	Pseudoxanthobacter
kaiju_out/Kastovskya_atacamensis_ATA6-11-RM4.contig.out	0.006262	3	608658	Citreimonas
kaiju_out/Kastovskya_atacamensis_ATA6-11-RM4.contig.out	0.006262	3	623276	Maritalea
kaiju_out/Kastovskya_atacamensis_ATA6-11-RM4.contig.out	0.006262	3	659428	Marivita
kaiju_out/Kastovskya_atacamensis_ATA6-11-RM4.contig.out	0.006262	3	659693	Oceanibaculum
kaiju_out/Kastovskya_atacamensis_ATA6-11-RM4.contig.out	0.006262	3	908623	Euzebya
kaiju_out/Kastovskya_atacamensis_ATA6-11-RM4.contig.out	0.006262	3	995014	Fontibacillus
kaiju_out/Kastovskya_atacamensis_ATA6-11-RM4.contig.out	0.006262	3	1017183	Camelimonas
kaiju_out/Kastovskya_atacamensis_ATA6-11-RM4.contig.out	0.006262	3	1121829	Fodinicurvata
kaiju_out/Kastovskya_atacamensis_ATA6-11-RM4.contig.out	0.006262	3	1145345	Bauldia
kaiju_out/Kastovskya_atacamensis_ATA6-11-RM4.contig.out	0.006262	3	1158296	Poseidonocella
kaiju_out/Kastovskya_atacamensis_ATA6-11-RM4.contig.out	0.006262	3	1321364	Tistlia
kaiju_out/Kastovskya_atacamensis_ATA6-11-RM4.contig.out	0.006262	3	1395974	Tardiphaga
kaiju_out/Kastovskya_atacamensis_ATA6-11-RM4.contig.out	0.006262	3	1400058	Hwanghaeicola
kaiju_out/Kastovskya_atacamensis_ATA6-11-RM4.contig.out	0.006262	3	1609958	Confluentimicrobium
kaiju_out/Kastovskya_atacamensis_ATA6-11-RM4.contig.out	0.006262	3	1648508	Ciceribacter
kaiju_out/Kastovskya_atacamensis_ATA6-11-RM4.contig.out	0.006262	3	1813601	Pseudoroseicyclus
kaiju_out/Kastovskya_atacamensis_ATA6-11-RM4.contig.out	0.006262	3	1902578	Candidatus Tokpelaia
kaiju_out/Kastovskya_atacamensis_ATA6-11-RM4.contig.out	0.006262	3	1915401	Roseitalea
kaiju_out/Kastovskya_atacamensis_ATA6-11-RM4.contig.out	0.006262	3	1955420	Silicimonas
kaiju_out/Kastovskya_atacamensis_ATA6-11-RM4.contig.out	0.004175	2	10	Cellvibrio
kaiju_out/Kastovskya_atacamensis_ATA6-11-RM4.contig.out	0.004175	2	47	Archangium
kaiju_out/Kastovskya_atacamensis_ATA6-11-RM4.contig.out	0.004175	2	283	Comamonas
kaiju_out/Kastovskya_atacamensis_ATA6-11-RM4.contig.out	0.004175	2	517	Bordetella
kaiju_out/Kastovskya_atacamensis_ATA6-11-RM4.contig.out	0.004175	2	541	Zymomonas
kaiju_out/Kastovskya_atacamensis_ATA6-11-RM4.contig.out	0.004175	2	551	Erwinia
kaiju_out/Kastovskya_atacamensis_ATA6-11-RM4.contig.out	0.004175	2	1068	Rhodomicrobium
kaiju_out/Kastovskya_atacamensis_ATA6-11-RM4.contig.out	0.004175	2	1186	Calothrix
kaiju_out/Kastovskya_atacamensis_ATA6-11-RM4.contig.out	0.004175	2	1198	Phormidium
kaiju_out/Kastovskya_atacamensis_ATA6-11-RM4.contig.out	0.004175	2	2034	Curtobacterium
kaiju_out/Kastovskya_atacamensis_ATA6-11-RM4.contig.out	0.004175	2	2044	Pimelobacter
kaiju_out/Kastovskya_atacamensis_ATA6-11-RM4.contig.out	0.004175	2	2071	Saccharothrix
kaiju_out/Kastovskya_atacamensis_ATA6-11-RM4.contig.out	0.004175	2	33981	Kineococcus
kaiju_out/Kastovskya_atacamensis_ATA6-11-RM4.contig.out	0.004175	2	43673	Jonesia
kaiju_out/Kastovskya_atacamensis_ATA6-11-RM4.contig.out	0.004175	2	45667	Halobacillus
kaiju_out/Kastovskya_atacamensis_ATA6-11-RM4.contig.out	0.004175	2	53335	Pantoea
kaiju_out/Kastovskya_atacamensis_ATA6-11-RM4.contig.out	0.004175	2	53357	Intrasporangium
kaiju_out/Kastovskya_atacamensis_ATA6-11-RM4.contig.out	0.004175	2	53634	Acidimicrobium
kaiju_out/Kastovskya_atacamensis_ATA6-11-RM4.contig.out	0.004175	2	56054	Bogoriella
kaiju_out/Kastovskya_atacamensis_ATA6-11-RM4.contig.out	0.004175	2	56999	Amaricoccus
kaiju_out/Kastovskya_atacamensis_ATA6-11-RM4.contig.out	0.004175	2	57494	Nesterenkonia
kaiju_out/Kastovskya_atacamensis_ATA6-11-RM4.contig.out	0.004175	2	58108	Actinocorallia
kaiju_out/Kastovskya_atacamensis_ATA6-11-RM4.contig.out	0.004175	2	65502	Cryptosporangium
kaiju_out/Kastovskya_atacamensis_ATA6-11-RM4.contig.out	0.004175	2	84593	Verrucosispora
kaiju_out/Kastovskya_atacamensis_ATA6-11-RM4.contig.out	0.004175	2	87171	Natronohydrobacter
kaiju_out/Kastovskya_atacamensis_ATA6-11-RM4.contig.out	0.004175	2	89523	Rubrimonas
kaiju_out/Kastovskya_atacamensis_ATA6-11-RM4.contig.out	0.004175	2	89966	Hymenobacter
kaiju_out/Kastovskya_atacamensis_ATA6-11-RM4.contig.out	0.004175	2	97050	Ruegeria
kaiju_out/Kastovskya_atacamensis_ATA6-11-RM4.contig.out	0.004175	2	110932	Leifsonia
kaiju_out/Kastovskya_atacamensis_ATA6-11-RM4.contig.out	0.004175	2	111782	Tolypothrix
kaiju_out/Kastovskya_atacamensis_ATA6-11-RM4.contig.out	0.004175	2	125287	Ornithinimicrobium
kaiju_out/Kastovskya_atacamensis_ATA6-11-RM4.contig.out	0.004175	2	142577	Prauserella
kaiju_out/Kastovskya_atacamensis_ATA6-11-RM4.contig.out	0.004175	2	175304	Lentibacillus
kaiju_out/Kastovskya_atacamensis_ATA6-11-RM4.contig.out	0.004175	2	195964	Asanoa
kaiju_out/Kastovskya_atacamensis_ATA6-11-RM4.contig.out	0.004175	2	200903	Paraliobacillus
kaiju_out/Kastovskya_atacamensis_ATA6-11-RM4.contig.out	0.004175	2	208215	Parvularcula
kaiju_out/Kastovskya_atacamensis_ATA6-11-RM4.contig.out	0.004175	2	265976	Serinicoccus
kaiju_out/Kastovskya_atacamensis_ATA6-11-RM4.contig.out	0.004175	2	281915	Curvibacter
kaiju_out/Kastovskya_atacamensis_ATA6-11-RM4.contig.out	0.004175	2	292636	Thermoflavimicrobium
kaiju_out/Kastovskya_atacamensis_ATA6-11-RM4.contig.out	0.004175	2	335405	Sphingosinicella
kaiju_out/Kastovskya_atacamensis_ATA6-11-RM4.contig.out	0.004175	2	359336	Castellaniella
kaiju_out/Kastovskya_atacamensis_ATA6-11-RM4.contig.out	0.004175	2	360528	Pelagibaca
kaiju_out/Kastovskya_atacamensis_ATA6-11-RM4.contig.out	0.004175	2	367298	Phycicoccus
kaiju_out/Kastovskya_atacamensis_ATA6-11-RM4.contig.out	0.004175	2	376488	Halotalea
kaiju_out/Kastovskya_atacamensis_ATA6-11-RM4.contig.out	0.004175	2	382513	Telmatospirillum
kaiju_out/Kastovskya_atacamensis_ATA6-11-RM4.contig.out	0.004175	2	500577	Nesiotobacter
kaiju_out/Kastovskya_atacamensis_ATA6-11-RM4.contig.out	0.004175	2	556178	Humibacillus
kaiju_out/Kastovskya_atacamensis_ATA6-11-RM4.contig.out	0.004175	2	577469	Demequina
kaiju_out/Kastovskya_atacamensis_ATA6-11-RM4.contig.out	0.004175	2	690086	Salinarimonas
kaiju_out/Kastovskya_atacamensis_ATA6-11-RM4.contig.out	0.004175	2	765413	Pelagicola
kaiju_out/Kastovskya_atacamensis_ATA6-11-RM4.contig.out	0.004175	2	908626	Angustibacter
kaiju_out/Kastovskya_atacamensis_ATA6-11-RM4.contig.out	0.004175	2	1078767	Jishengella
kaiju_out/Kastovskya_atacamensis_ATA6-11-RM4.contig.out	0.004175	2	1156568	Methylovirgula
kaiju_out/Kastovskya_atacamensis_ATA6-11-RM4.contig.out	0.004175	2	1217101	Haloactinopolyspora
kaiju_out/Kastovskya_atacamensis_ATA6-11-RM4.contig.out	0.004175	2	1217415	Lysinimicrobium
kaiju_out/Kastovskya_atacamensis_ATA6-11-RM4.contig.out	0.004175	2	1236218	Melghirimyces
kaiju_out/Kastovskya_atacamensis_ATA6-11-RM4.contig.out	0.004175	2	1288026	Arcticibacter
kaiju_out/Kastovskya_atacamensis_ATA6-11-RM4.contig.out	0.004175	2	1331737	Haloactinobacterium
kaiju_out/Kastovskya_atacamensis_ATA6-11-RM4.contig.out	0.004175	2	1433997	Diaminobutyricimonas
kaiju_out/Kastovskya_atacamensis_ATA6-11-RM4.contig.out	0.004175	2	1434043	Saliterribacillus
kaiju_out/Kastovskya_atacamensis_ATA6-11-RM4.contig.out	0.004175	2	1579315	Halocynthiibacter
kaiju_out/Kastovskya_atacamensis_ATA6-11-RM4.contig.out	0.004175	2	1647175	Aestuariispira
kaiju_out/Kastovskya_atacamensis_ATA6-11-RM4.contig.out	0.004175	2	1755825	Egicoccus
kaiju_out/Kastovskya_atacamensis_ATA6-11-RM4.contig.out	0.004175	2	1855416	Qipengyuania
kaiju_out/Kastovskya_atacamensis_ATA6-11-RM4.contig.out	0.004175	2	2034504	Sulfurivermis
kaiju_out/Kastovskya_atacamensis_ATA6-11-RM4.contig.out	0.004175	2	2066435	Arboricoccus
kaiju_out/Kastovskya_atacamensis_ATA6-11-RM4.contig.out	0.004175	2	2201383	Mangrovicoccus
kaiju_out/Kastovskya_atacamensis_ATA6-11-RM4.contig.out	0.004175	2	2250589	Xinfangfangia
kaiju_out/Kastovskya_atacamensis_ATA6-11-RM4.contig.out	0.004175	2	2282523	Methylorubrum
kaiju_out/Kastovskya_atacamensis_ATA6-11-RM4.contig.out	0.002087	1	209	Helicobacter
kaiju_out/Kastovskya_atacamensis_ATA6-11-RM4.contig.out	0.002087	1	338	Xanthomonas
kaiju_out/Kastovskya_atacamensis_ATA6-11-RM4.contig.out	0.002087	1	434	Acetobacter
kaiju_out/Kastovskya_atacamensis_ATA6-11-RM4.contig.out	0.002087	1	441	Gluconobacter
kaiju_out/Kastovskya_atacamensis_ATA6-11-RM4.contig.out	0.002087	1	532	Beijerinckia
kaiju_out/Kastovskya_atacamensis_ATA6-11-RM4.contig.out	0.002087	1	570	Klebsiella
kaiju_out/Kastovskya_atacamensis_ATA6-11-RM4.contig.out	0.002087	1	586	Providencia
kaiju_out/Kastovskya_atacamensis_ATA6-11-RM4.contig.out	0.002087	1	713	Actinobacillus
kaiju_out/Kastovskya_atacamensis_ATA6-11-RM4.contig.out	0.002087	1	890	Desulfuromonas
kaiju_out/Kastovskya_atacamensis_ATA6-11-RM4.contig.out	0.002087	1	963	Herbaspirillum
kaiju_out/Kastovskya_atacamensis_ATA6-11-RM4.contig.out	0.002087	1	1023	Microscilla
kaiju_out/Kastovskya_atacamensis_ATA6-11-RM4.contig.out	0.002087	1	1030	Thiothrix
kaiju_out/Kastovskya_atacamensis_ATA6-11-RM4.contig.out	0.002087	1	1081	Rhodospirillum
kaiju_out/Kastovskya_atacamensis_ATA6-11-RM4.contig.out	0.002087	1	1125	Microcystis
kaiju_out/Kastovskya_atacamensis_ATA6-11-RM4.contig.out	0.002087	1	1203	Scytonema
kaiju_out/Kastovskya_atacamensis_ATA6-11-RM4.contig.out	0.002087	1	1227	Nitrosococcus
kaiju_out/Kastovskya_atacamensis_ATA6-11-RM4.contig.out	0.002087	1	1263	Ruminococcus
kaiju_out/Kastovskya_atacamensis_ATA6-11-RM4.contig.out	0.002087	1	1279	Staphylococcus
kaiju_out/Kastovskya_atacamensis_ATA6-11-RM4.contig.out	0.002087	1	1301	Streptococcus
kaiju_out/Kastovskya_atacamensis_ATA6-11-RM4.contig.out	0.002087	1	1350	Enterococcus
kaiju_out/Kastovskya_atacamensis_ATA6-11-RM4.contig.out	0.002087	1	1485	Clostridium
kaiju_out/Kastovskya_atacamensis_ATA6-11-RM4.contig.out	0.002087	1	1562	Desulfotomaculum
kaiju_out/Kastovskya_atacamensis_ATA6-11-RM4.contig.out	0.002087	1	1573	Clavibacter
kaiju_out/Kastovskya_atacamensis_ATA6-11-RM4.contig.out	0.002087	1	1637	Listeria
kaiju_out/Kastovskya_atacamensis_ATA6-11-RM4.contig.out	0.002087	1	1851	Saccharomonospora
kaiju_out/Kastovskya_atacamensis_ATA6-11-RM4.contig.out	0.002087	1	1998	Planomonospora
kaiju_out/Kastovskya_atacamensis_ATA6-11-RM4.contig.out	0.002087	1	2000	Streptosporangium
kaiju_out/Kastovskya_atacamensis_ATA6-11-RM4.contig.out	0.002087	1	2005	Microbispora
kaiju_out/Kastovskya_atacamensis_ATA6-11-RM4.contig.out	0.002087	1	2016	Streptoalloteichus
kaiju_out/Kastovskya_atacamensis_ATA6-11-RM4.contig.out	0.002087	1	2023	Thermoactinomyces
kaiju_out/Kastovskya_atacamensis_ATA6-11-RM4.contig.out	0.002087	1	2147	Acholeplasma
kaiju_out/Kastovskya_atacamensis_ATA6-11-RM4.contig.out	0.002087	1	2375	Sporomusa
kaiju_out/Kastovskya_atacamensis_ATA6-11-RM4.contig.out	0.002087	1	2742	Marinobacter
kaiju_out/Kastovskya_atacamensis_ATA6-11-RM4.contig.out	0.002087	1	28048	Acidothermus
kaiju_out/Kastovskya_atacamensis_ATA6-11-RM4.contig.out	0.002087	1	28253	Marinomonas
kaiju_out/Kastovskya_atacamensis_ATA6-11-RM4.contig.out	0.002087	1	28443	Herbidospora
kaiju_out/Kastovskya_atacamensis_ATA6-11-RM4.contig.out	0.002087	1	32012	Thiomonas
kaiju_out/Kastovskya_atacamensis_ATA6-11-RM4.contig.out	0.002087	1	33071	Gloeobacter
kaiju_out/Kastovskya_atacamensis_ATA6-11-RM4.contig.out	0.002087	1	33877	Agromyces
kaiju_out/Kastovskya_atacamensis_ATA6-11-RM4.contig.out	0.002087	1	33886	Rathayibacter
kaiju_out/Kastovskya_atacamensis_ATA6-11-RM4.contig.out	0.002087	1	33973	Acidobacterium
kaiju_out/Kastovskya_atacamensis_ATA6-11-RM4.contig.out	0.002087	1	35750	Sporichthya
kaiju_out/Kastovskya_atacamensis_ATA6-11-RM4.contig.out	0.002087	1	35798	Nitrosospira
kaiju_out/Kastovskya_atacamensis_ATA6-11-RM4.contig.out	0.002087	1	37924	Thermocrispum
kaiju_out/Kastovskya_atacamensis_ATA6-11-RM4.contig.out	0.002087	1	39643	Sorangium
kaiju_out/Kastovskya_atacamensis_ATA6-11-RM4.contig.out	0.002087	1	43356	Kutzneria
kaiju_out/Kastovskya_atacamensis_ATA6-11-RM4.contig.out	0.002087	1	43668	Brachybacterium
kaiju_out/Kastovskya_atacamensis_ATA6-11-RM4.contig.out	0.002087	1	43947	Tolumonas
kaiju_out/Kastovskya_atacamensis_ATA6-11-RM4.contig.out	0.002087	1	45402	Aquabacter
kaiju_out/Kastovskya_atacamensis_ATA6-11-RM4.contig.out	0.002087	1	46468	Orenia
kaiju_out/Kastovskya_atacamensis_ATA6-11-RM4.contig.out	0.002087	1	47420	Hydrogenophaga
kaiju_out/Kastovskya_atacamensis_ATA6-11-RM4.contig.out	0.002087	1	49184	Kineosporia
kaiju_out/Kastovskya_atacamensis_ATA6-11-RM4.contig.out	0.002087	1	51366	Salinivibrio
kaiju_out/Kastovskya_atacamensis_ATA6-11-RM4.contig.out	0.002087	1	52959	Polaribacter
kaiju_out/Kastovskya_atacamensis_ATA6-11-RM4.contig.out	0.002087	1	52972	Polaromonas
kaiju_out/Kastovskya_atacamensis_ATA6-11-RM4.contig.out	0.002087	1	53355	Terrabacter
kaiju_out/Kastovskya_atacamensis_ATA6-11-RM4.contig.out	0.002087	1	53365	Catellatospora
kaiju_out/Kastovskya_atacamensis_ATA6-11-RM4.contig.out	0.002087	1	55968	Leucobacter
kaiju_out/Kastovskya_atacamensis_ATA6-11-RM4.contig.out	0.002087	1	56688	Halorubrum
kaiju_out/Kastovskya_atacamensis_ATA6-11-RM4.contig.out	0.002087	1	57493	Kocuria
kaiju_out/Kastovskya_atacamensis_ATA6-11-RM4.contig.out	0.002087	1	58113	Glycomyces
kaiju_out/Kastovskya_atacamensis_ATA6-11-RM4.contig.out	0.002087	1	58842	Sagittula
kaiju_out/Kastovskya_atacamensis_ATA6-11-RM4.contig.out	0.002087	1	59732	Chryseobacterium
kaiju_out/Kastovskya_atacamensis_ATA6-11-RM4.contig.out	0.002087	1	63132	Geitlerinema
kaiju_out/Kastovskya_atacamensis_ATA6-11-RM4.contig.out	0.002087	1	70994	Lewinella
kaiju_out/Kastovskya_atacamensis_ATA6-11-RM4.contig.out	0.002087	1	80865	Delftia
kaiju_out/Kastovskya_atacamensis_ATA6-11-RM4.contig.out	0.002087	1	82345	Ornithinicoccus
kaiju_out/Kastovskya_atacamensis_ATA6-11-RM4.contig.out	0.002087	1	83551	Parachlamydia
kaiju_out/Kastovskya_atacamensis_ATA6-11-RM4.contig.out	0.002087	1	83677	Thermobifida
kaiju_out/Kastovskya_atacamensis_ATA6-11-RM4.contig.out	0.002087	1	84406	Virgibacillus
kaiju_out/Kastovskya_atacamensis_ATA6-11-RM4.contig.out	0.002087	1	84567	Pedobacter
kaiju_out/Kastovskya_atacamensis_ATA6-11-RM4.contig.out	0.002087	1	92793	Aquabacterium
kaiju_out/Kastovskya_atacamensis_ATA6-11-RM4.contig.out	0.002087	1	102115	Stanieria
kaiju_out/Kastovskya_atacamensis_ATA6-11-RM4.contig.out	0.002087	1	102231	Gloeocapsa
kaiju_out/Kastovskya_atacamensis_ATA6-11-RM4.contig.out	0.002087	1	104204	Streptomonospora
kaiju_out/Kastovskya_atacamensis_ATA6-11-RM4.contig.out	0.002087	1	106589	Cupriavidus
kaiju_out/Kastovskya_atacamensis_ATA6-11-RM4.contig.out	0.002087	1	114248	Tepidimonas
kaiju_out/Kastovskya_atacamensis_ATA6-11-RM4.contig.out	0.002087	1	121820	Roseinatronobacter
kaiju_out/Kastovskya_atacamensis_ATA6-11-RM4.contig.out	0.002087	1	129337	Geobacillus
kaiju_out/Kastovskya_atacamensis_ATA6-11-RM4.contig.out	0.002087	1	130795	Crossiella
kaiju_out/Kastovskya_atacamensis_ATA6-11-RM4.contig.out	0.002087	1	150203	Blastomonas
kaiju_out/Kastovskya_atacamensis_ATA6-11-RM4.contig.out	0.002087	1	150247	Anoxybacillus
kaiju_out/Kastovskya_atacamensis_ATA6-11-RM4.contig.out	0.002087	1	152053	Starkeya
kaiju_out/Kastovskya_atacamensis_ATA6-11-RM4.contig.out	0.002087	1	153497	Kozakia
kaiju_out/Kastovskya_atacamensis_ATA6-11-RM4.contig.out	0.002087	1	157226	Jeotgalibacillus
kaiju_out/Kastovskya_atacamensis_ATA6-11-RM4.contig.out	0.002087	1	160794	Filobacillus
kaiju_out/Kastovskya_atacamensis_ATA6-11-RM4.contig.out	0.002087	1	160800	Methylosarcina
kaiju_out/Kastovskya_atacamensis_ATA6-11-RM4.contig.out	0.002087	1	162291	Planomicrobium
kaiju_out/Kastovskya_atacamensis_ATA6-11-RM4.contig.out	0.002087	1	166974	Lechevalieria
kaiju_out/Kastovskya_atacamensis_ATA6-11-RM4.contig.out	0.002087	1	180541	Salinisphaera
kaiju_out/Kastovskya_atacamensis_ATA6-11-RM4.contig.out	0.002087	1	184923	Methylocapsa
kaiju_out/Kastovskya_atacamensis_ATA6-11-RM4.contig.out	0.002087	1	203470	Tepidiphilus
kaiju_out/Kastovskya_atacamensis_ATA6-11-RM4.contig.out	0.002087	1	203697	Derxia
kaiju_out/Kastovskya_atacamensis_ATA6-11-RM4.contig.out	0.002087	1	204474	Dichotomicrobium
kaiju_out/Kastovskya_atacamensis_ATA6-11-RM4.contig.out	0.002087	1	221282	Mastigocladopsis
kaiju_out/Kastovskya_atacamensis_ATA6-11-RM4.contig.out	0.002087	1	224455	Hyalangium
kaiju_out/Kastovskya_atacamensis_ATA6-11-RM4.contig.out	0.002087	1	225842	Formosa
kaiju_out/Kastovskya_atacamensis_ATA6-11-RM4.contig.out	0.002087	1	231683	Saccharospirillum
kaiju_out/Kastovskya_atacamensis_ATA6-11-RM4.contig.out	0.002087	1	236052	Propionicimonas
kaiju_out/Kastovskya_atacamensis_ATA6-11-RM4.contig.out	0.002087	1	239759	Alistipes
kaiju_out/Kastovskya_atacamensis_ATA6-11-RM4.contig.out	0.002087	1	241421	Crinalium
kaiju_out/Kastovskya_atacamensis_ATA6-11-RM4.contig.out	0.002087	1	246875	Algoriphagus
kaiju_out/Kastovskya_atacamensis_ATA6-11-RM4.contig.out	0.002087	1	256616	Parvibaculum
kaiju_out/Kastovskya_atacamensis_ATA6-11-RM4.contig.out	0.002087	1	267408	Arsenicicoccus
kaiju_out/Kastovskya_atacamensis_ATA6-11-RM4.contig.out	0.002087	1	267849	Nitrincola
kaiju_out/Kastovskya_atacamensis_ATA6-11-RM4.contig.out	0.002087	1	283735	Leeuwenhoekiella
kaiju_out/Kastovskya_atacamensis_ATA6-11-RM4.contig.out	0.002087	1	289244	Xylanimicrobium
kaiju_out/Kastovskya_atacamensis_ATA6-11-RM4.contig.out	0.002087	1	299261	Tateyamaria
kaiju_out/Kastovskya_atacamensis_ATA6-11-RM4.contig.out	0.002087	1	311411	Pseudoruegeria
kaiju_out/Kastovskya_atacamensis_ATA6-11-RM4.contig.out	0.002087	1	312063	Azohydromonas
kaiju_out/Kastovskya_atacamensis_ATA6-11-RM4.contig.out	0.002087	1	327159	Candidatus Accumulibacter
kaiju_out/Kastovskya_atacamensis_ATA6-11-RM4.contig.out	0.002087	1	332100	Planifilum
kaiju_out/Kastovskya_atacamensis_ATA6-11-RM4.contig.out	0.002087	1	335058	Pelomonas
kaiju_out/Kastovskya_atacamensis_ATA6-11-RM4.contig.out	0.002087	1	336277	Roseicyclus
kaiju_out/Kastovskya_atacamensis_ATA6-11-RM4.contig.out	0.002087	1	351094	Paucisalibacillus
kaiju_out/Kastovskya_atacamensis_ATA6-11-RM4.contig.out	0.002087	1	354203	Yangia
kaiju_out/Kastovskya_atacamensis_ATA6-11-RM4.contig.out	0.002087	1	365532	Belnapia
kaiju_out/Kastovskya_atacamensis_ATA6-11-RM4.contig.out	0.002087	1	370735	Zhihengliuella
kaiju_out/Kastovskya_atacamensis_ATA6-11-RM4.contig.out	0.002087	1	373053	Calditerricola
kaiju_out/Kastovskya_atacamensis_ATA6-11-RM4.contig.out	0.002087	1	387095	Maribius
kaiju_out/Kastovskya_atacamensis_ATA6-11-RM4.contig.out	0.002087	1	390876	Nisaea
kaiju_out/Kastovskya_atacamensis_ATA6-11-RM4.contig.out	0.002087	1	392825	Halalkalibacillus
kaiju_out/Kastovskya_atacamensis_ATA6-11-RM4.contig.out	0.002087	1	393277	Donghicola
kaiju_out/Kastovskya_atacamensis_ATA6-11-RM4.contig.out	0.002087	1	397456	Gulbenkiania
kaiju_out/Kastovskya_atacamensis_ATA6-11-RM4.contig.out	0.002087	1	400634	Lysinibacillus
kaiju_out/Kastovskya_atacamensis_ATA6-11-RM4.contig.out	0.002087	1	404235	Maritimibacter
kaiju_out/Kastovskya_atacamensis_ATA6-11-RM4.contig.out	0.002087	1	427077	Salsuginibacillus
kaiju_out/Kastovskya_atacamensis_ATA6-11-RM4.contig.out	0.002087	1	427925	Dethiobacter
kaiju_out/Kastovskya_atacamensis_ATA6-11-RM4.contig.out	0.002087	1	433923	Pseudacidovorax
kaiju_out/Kastovskya_atacamensis_ATA6-11-RM4.contig.out	0.002087	1	445219	Reyranella
kaiju_out/Kastovskya_atacamensis_ATA6-11-RM4.contig.out	0.002087	1	453849	Henriciella
kaiju_out/Kastovskya_atacamensis_ATA6-11-RM4.contig.out	0.002087	1	469322	Steroidobacter
kaiju_out/Kastovskya_atacamensis_ATA6-11-RM4.contig.out	0.002087	1	472058	Schumannella
kaiju_out/Kastovskya_atacamensis_ATA6-11-RM4.contig.out	0.002087	1	482460	Sediminibacillus
kaiju_out/Kastovskya_atacamensis_ATA6-11-RM4.contig.out	0.002087	1	484508	Ornithinibacillus
kaiju_out/Kastovskya_atacamensis_ATA6-11-RM4.contig.out	0.002087	1	551771	Vulcanibacillus
kaiju_out/Kastovskya_atacamensis_ATA6-11-RM4.contig.out	0.002087	1	580374	Klugiella
kaiju_out/Kastovskya_atacamensis_ATA6-11-RM4.contig.out	0.002087	1	583360	Umezawaea
kaiju_out/Kastovskya_atacamensis_ATA6-11-RM4.contig.out	0.002087	1	596707	Sinomonas
kaiju_out/Kastovskya_atacamensis_ATA6-11-RM4.contig.out	0.002087	1	626119	Ruania
kaiju_out/Kastovskya_atacamensis_ATA6-11-RM4.contig.out	0.002087	1	643949	Ferrithrix
kaiju_out/Kastovskya_atacamensis_ATA6-11-RM4.contig.out	0.002087	1	648800	Solibacillus
kaiju_out/Kastovskya_atacamensis_ATA6-11-RM4.contig.out	0.002087	1	648802	Rummeliibacillus
kaiju_out/Kastovskya_atacamensis_ATA6-11-RM4.contig.out	0.002087	1	653686	Wenxinia
kaiju_out/Kastovskya_atacamensis_ATA6-11-RM4.contig.out	0.002087	1	660628	Insolitispirillum
kaiju_out/Kastovskya_atacamensis_ATA6-11-RM4.contig.out	0.002087	1	663242	Albimonas
kaiju_out/Kastovskya_atacamensis_ATA6-11-RM4.contig.out	0.002087	1	667112	Lutispora
kaiju_out/Kastovskya_atacamensis_ATA6-11-RM4.contig.out	0.002087	1	673534	Plantactinospora
kaiju_out/Kastovskya_atacamensis_ATA6-11-RM4.contig.out	0.002087	1	674734	Alloactinosynnema
kaiju_out/Kastovskya_atacamensis_ATA6-11-RM4.contig.out	0.002087	1	718013	Thermasporomyces
kaiju_out/Kastovskya_atacamensis_ATA6-11-RM4.contig.out	0.002087	1	741759	Tomitella
kaiju_out/Kastovskya_atacamensis_ATA6-11-RM4.contig.out	0.002087	1	745364	Luteipulveratus
kaiju_out/Kastovskya_atacamensis_ATA6-11-RM4.contig.out	0.002087	1	748770	Dolichospermum
kaiju_out/Kastovskya_atacamensis_ATA6-11-RM4.contig.out	0.002087	1	754249	Luteimicrobium
kaiju_out/Kastovskya_atacamensis_ATA6-11-RM4.contig.out	0.002087	1	763439	Caenimonas
kaiju_out/Kastovskya_atacamensis_ATA6-11-RM4.contig.out	0.002087	1	767528	Geomicrobium
kaiju_out/Kastovskya_atacamensis_ATA6-11-RM4.contig.out	0.002087	1	767891	Candidatus Puniceispirillum
kaiju_out/Kastovskya_atacamensis_ATA6-11-RM4.contig.out	0.002087	1	861914	Fibrella
kaiju_out/Kastovskya_atacamensis_ATA6-11-RM4.contig.out	0.002087	1	863253	Marinicella
kaiju_out/Kastovskya_atacamensis_ATA6-11-RM4.contig.out	0.002087	1	869806	Marivirga
kaiju_out/Kastovskya_atacamensis_ATA6-11-RM4.contig.out	0.002087	1	881616	Herbiconiux
kaiju_out/Kastovskya_atacamensis_ATA6-11-RM4.contig.out	0.002087	1	908935	Yimella
kaiju_out/Kastovskya_atacamensis_ATA6-11-RM4.contig.out	0.002087	1	947525	Miniimonas
kaiju_out/Kastovskya_atacamensis_ATA6-11-RM4.contig.out	0.002087	1	947567	Litoreibacter
kaiju_out/Kastovskya_atacamensis_ATA6-11-RM4.contig.out	0.002087	1	1005722	Phormidesmis
kaiju_out/Kastovskya_atacamensis_ATA6-11-RM4.contig.out	0.002087	1	1042323	Pacificibacter
kaiju_out/Kastovskya_atacamensis_ATA6-11-RM4.contig.out	0.002087	1	1068904	Primorskyibacter
kaiju_out/Kastovskya_atacamensis_ATA6-11-RM4.contig.out	0.002087	1	1124625	Stakelama
kaiju_out/Kastovskya_atacamensis_ATA6-11-RM4.contig.out	0.002087	1	1129704	Kyrpidia
kaiju_out/Kastovskya_atacamensis_ATA6-11-RM4.contig.out	0.002087	1	1137960	Allokutzneria
kaiju_out/Kastovskya_atacamensis_ATA6-11-RM4.contig.out	0.002087	1	1143004	Methyloferula
kaiju_out/Kastovskya_atacamensis_ATA6-11-RM4.contig.out	0.002087	1	1146845	Dongia
kaiju_out/Kastovskya_atacamensis_ATA6-11-RM4.contig.out	0.002087	1	1155738	Moorea
kaiju_out/Kastovskya_atacamensis_ATA6-11-RM4.contig.out	0.002087	1	1185872	Desertifilum
kaiju_out/Kastovskya_atacamensis_ATA6-11-RM4.contig.out	0.002087	1	1207070	Oceaniovalibus
kaiju_out/Kastovskya_atacamensis_ATA6-11-RM4.contig.out	0.002087	1	1211036	Mangrovimonas
kaiju_out/Kastovskya_atacamensis_ATA6-11-RM4.contig.out	0.002087	1	1217414	Sediminihabitans
kaiju_out/Kastovskya_atacamensis_ATA6-11-RM4.contig.out	0.002087	1	1221880	Psychrobacillus
kaiju_out/Kastovskya_atacamensis_ATA6-11-RM4.contig.out	0.002087	1	1231242	Ferrovibrio
kaiju_out/Kastovskya_atacamensis_ATA6-11-RM4.contig.out	0.002087	1	1233054	Oceanicella
kaiju_out/Kastovskya_atacamensis_ATA6-11-RM4.contig.out	0.002087	1	1266053	Algiphilus
kaiju_out/Kastovskya_atacamensis_ATA6-11-RM4.contig.out	0.002087	1	1270155	Falsibacillus
kaiju_out/Kastovskya_atacamensis_ATA6-11-RM4.contig.out	0.002087	1	1276290	Caldibacillus
kaiju_out/Kastovskya_atacamensis_ATA6-11-RM4.contig.out	0.002087	1	1284657	Planktomarina
kaiju_out/Kastovskya_atacamensis_ATA6-11-RM4.contig.out	0.002087	1	1329200	Fictibacillus
kaiju_out/Kastovskya_atacamensis_ATA6-11-RM4.contig.out	0.002087	1	1330547	Kosakonia
kaiju_out/Kastovskya_atacamensis_ATA6-11-RM4.contig.out	0.002087	1	1341118	Luminiphilus
kaiju_out/Kastovskya_atacamensis_ATA6-11-RM4.contig.out	0.002087	1	1367968	Sinosporangium
kaiju_out/Kastovskya_atacamensis_ATA6-11-RM4.contig.out	0.002087	1	1398404	Salinihabitans
kaiju_out/Kastovskya_atacamensis_ATA6-11-RM4.contig.out	0.002087	1	1433300	Alteribacillus
kaiju_out/Kastovskya_atacamensis_ATA6-11-RM4.contig.out	0.002087	1	1433402	Glycocaulis
kaiju_out/Kastovskya_atacamensis_ATA6-11-RM4.contig.out	0.002087	1	1433987	Amantichitinum
kaiju_out/Kastovskya_atacamensis_ATA6-11-RM4.contig.out	0.002087	1	1433999	Domibacillus
kaiju_out/Kastovskya_atacamensis_ATA6-11-RM4.contig.out	0.002087	1	1434011	Komagataeibacter
kaiju_out/Kastovskya_atacamensis_ATA6-11-RM4.contig.out	0.002087	1	1434013	Labedaea
kaiju_out/Kastovskya_atacamensis_ATA6-11-RM4.contig.out	0.002087	1	1434029	Pelagimonas
kaiju_out/Kastovskya_atacamensis_ATA6-11-RM4.contig.out	0.002087	1	1434050	Zhongshania
kaiju_out/Kastovskya_atacamensis_ATA6-11-RM4.contig.out	0.002087	1	1484898	Methyloceanibacter
kaiju_out/Kastovskya_atacamensis_ATA6-11-RM4.contig.out	0.002087	1	1485594	Methyloligella
kaiju_out/Kastovskya_atacamensis_ATA6-11-RM4.contig.out	0.002087	1	1501143	Neosynechococcus
kaiju_out/Kastovskya_atacamensis_ATA6-11-RM4.contig.out	0.002087	1	1506553	Lachnoclostridium
kaiju_out/Kastovskya_atacamensis_ATA6-11-RM4.contig.out	0.002087	1	1508451	Polymorphobacter
kaiju_out/Kastovskya_atacamensis_ATA6-11-RM4.contig.out	0.002087	1	1508657	Ruminiclostridium
kaiju_out/Kastovskya_atacamensis_ATA6-11-RM4.contig.out	0.002087	1	1522429	Lihuaxuella
kaiju_out/Kastovskya_atacamensis_ATA6-11-RM4.contig.out	0.002087	1	1524249	Pseudohongiella
kaiju_out/Kastovskya_atacamensis_ATA6-11-RM4.contig.out	0.002087	1	1541818	Sedimentitalea
kaiju_out/Kastovskya_atacamensis_ATA6-11-RM4.contig.out	0.002087	1	1572860	Hartmannibacter
kaiju_out/Kastovskya_atacamensis_ATA6-11-RM4.contig.out	0.002087	1	1608404	Puniceibacterium
kaiju_out/Kastovskya_atacamensis_ATA6-11-RM4.contig.out	0.002087	1	1616789	Salinispira
kaiju_out/Kastovskya_atacamensis_ATA6-11-RM4.contig.out	0.002087	1	1617805	Amylibacter
kaiju_out/Kastovskya_atacamensis_ATA6-11-RM4.contig.out	0.002087	1	1647190	Aquibacillus
kaiju_out/Kastovskya_atacamensis_ATA6-11-RM4.contig.out	0.002087	1	1649279	Epibacterium
kaiju_out/Kastovskya_atacamensis_ATA6-11-RM4.contig.out	0.002087	1	1649466	Marinicauda
kaiju_out/Kastovskya_atacamensis_ATA6-11-RM4.contig.out	0.002087	1	1649510	Variibacter
kaiju_out/Kastovskya_atacamensis_ATA6-11-RM4.contig.out	0.002087	1	1649642	Oleiagrimonas
kaiju_out/Kastovskya_atacamensis_ATA6-11-RM4.contig.out	0.002087	1	1663717	Herbinix
kaiju_out/Kastovskya_atacamensis_ATA6-11-RM4.contig.out	0.002087	1	1677050	Novibacillus
kaiju_out/Kastovskya_atacamensis_ATA6-11-RM4.contig.out	0.002087	1	1734920	Pseudorhodoplanes
kaiju_out/Kastovskya_atacamensis_ATA6-11-RM4.contig.out	0.002087	1	1742977	Tepidicaulis
kaiju_out/Kastovskya_atacamensis_ATA6-11-RM4.contig.out	0.002087	1	1765682	Acidibacillus
kaiju_out/Kastovskya_atacamensis_ATA6-11-RM4.contig.out	0.002087	1	1817584	Maliponia
kaiju_out/Kastovskya_atacamensis_ATA6-11-RM4.contig.out	0.002087	1	1827277	Aliterella
kaiju_out/Kastovskya_atacamensis_ATA6-11-RM4.contig.out	0.002087	1	1861863	Sinimarinibacterium
kaiju_out/Kastovskya_atacamensis_ATA6-11-RM4.contig.out	0.002087	1	1903434	Atlantibacter
kaiju_out/Kastovskya_atacamensis_ATA6-11-RM4.contig.out	0.002087	1	1905726	Paludifilum
kaiju_out/Kastovskya_atacamensis_ATA6-11-RM4.contig.out	0.002087	1	1924101	Numidum
kaiju_out/Kastovskya_atacamensis_ATA6-11-RM4.contig.out	0.002087	1	1929105	Anaeromicrobium
kaiju_out/Kastovskya_atacamensis_ATA6-11-RM4.contig.out	0.002087	1	1931200	Marinibacterium
kaiju_out/Kastovskya_atacamensis_ATA6-11-RM4.contig.out	0.002087	1	1964366	Nissabacter
kaiju_out/Kastovskya_atacamensis_ATA6-11-RM4.contig.out	0.002087	1	1968878	Siccationidurans
kaiju_out/Kastovskya_atacamensis_ATA6-11-RM4.contig.out	0.002087	1	2029879	Mabikibacter
kaiju_out/Kastovskya_atacamensis_ATA6-11-RM4.contig.out	0.002087	1	2047745	Oceaniglobus
kaiju_out/Kastovskya_atacamensis_ATA6-11-RM4.contig.out	0.002087	1	2163168	Kineothrix
kaiju_out/Kastovskya_atacamensis_ATA6-11-RM4.contig.out	0.002087	1	2173855	Marinateneraspora
kaiju_out/Kastovskya_atacamensis_ATA6-11-RM4.contig.out	0.002087	1	2201379	Kandeliimicrobium
kaiju_out/Kastovskya_atacamensis_ATA6-11-RM4.contig.out	0.002087	1	2493629	Minwuia
kaiju_out/Kastovskya_atacamensis_ATA6-11-RM4.contig.out	0.002087	1	2562805	Natronospirillum
kaiju_out/Kastovskya_atacamensis_ATA6-11-RM4.contig.out	0.002087	1	2571159	Mycetohabitans
kaiju_out/Kastovskya_atacamensis_ATA6-11-RM4.contig.out	0.002087	1	2590586	Histidinibacterium
kaiju_out/Kastovskya_atacamensis_ATA6-11-RM4.contig.out	0.010436	5	10239	Viruses
kaiju_out/Kastovskya_atacamensis_ATA6-11-RM4.contig.out	7.555991	3620	NA	cannot be assigned to a (non-viral) genus
kaiju_out/Kastovskya_atacamensis_ATA6-11-RM4.contig.out	40.589452	19446	NA	unclassified
